{
    "errno": 0,
    "message": "活动详情",
    "data": {
        "id": "1",
        "uniacid": "2",
        "title": "购房享受5年物业服务",
        "sub_title": "",
        "content": "",
        "thumb": "images/2/2020/08/csh4ziEHzSuIp88qIqAAqX8iU8axh8.jpg",
        "sort": "3",
        "is_show": "1",
        "is_hot": "1",
        "starttime": "2020-10-2411: 01: 00",
        "endtime": "2020-12-31 17: 46: 00",
        "createtime": "1597650032",
        "house_ids": "11",
        "address": "高新城市广场营销中心（高新区健康街永春路东100米路南）",
        "lng": "119.21086208857727",
        "lat": "36.7087902197641",
        "reply_status": 1,
        "starttimestamp": "1603508460",
        "endtimestamp": "1609407960",
        "houses": [
            {
                "house_id": "11",
                "name": "高新城市广场",
                "area": "",
                "pics": "a: 3: {i: 0;s: 51:\"images/2/2020/08/wI8NuJFW9pu8pF0DP9iDGpGfwZD8F1.jpg\";i:1;s:51:\"images/2/2020/08/YCt9EE3YEzYEYT9r0TPtYH10pF3101.jpg\";i:2;s:51:\"images/2/2020/08/qO7CPCmGljgQq99q705g9XCgQBp0g5.jpg\";}",
                "span": "学区准现房 核心区位 醇熟大盘",
                "createtime": "1597649296",
                "sort": "12",
                "class_ids": "1,3,4",
                "price": "",
                "type_ids": "1,2",
                "per_price": "高层8600元/㎡商铺12000元/㎡公寓7200元/㎡",
                "toward": "南",
                "address": "高新区健康街永春路东100米路南",
                "lng": "119.21413397430423",
                "lat": "36.7089367660585",
                "is_hot": "1",
                "uniacid": "2",
                "thumb": "images/2/2020/08/U2l2d2ece22ED37gdl7jcDt2DCE2C3.jpg",
                "floor": "0",
                "is_show": "1",
                "phone": "0536-8287111",
                "must_see": "1",
                "commission": "",
                "selltime": "1598267974",
                "decorate": "",
                "structure_area": "",
                "green_rate": "",
                "deliverytime": "1598267974",
                "wuye": "多邦物业",
                "wuye_fee": "",
                "developers": "",
                "validity": "0",
                "custom_ids": "16,30,14,17,27",
                "plot_ratio": "",
                "building_type": "现代简约",
                "zhuli": "三居室133㎡四居室160㎡",
                "yuxu": "",
                "map": "images/2/2020/08/dDJr5ZdE0KKSoE0lVR5LdyBOkeLzLR.jpg",
                "vid": null,
                "video_text": null,
                "shapan_title": "",
                "shapan_url": "",
                "vr": "",
                "vr2": "",
                "vr3": "",
                "vr_url": "",
                "vr_url2": "",
                "vr_url3": "",
                "info": "&lt;p&gt;项目总占地面积703亩，总建筑面积150万平方米，总投资超过60亿元，是一个集大型商场、总部办公基地、智能化写字楼、高端住宅、公寓和学校于一身的城市综合体。项目容积率2.44，建筑密度19.9%，绿化率30.8%，住宅面积段：115-206平。&lt;/p&gt;",
                "shapan": "",
                "types": "1",
                "hot_thumb": "images/2/2020/08/srGc54EEEC4eaR4e7GG04vAeG6zE46.jpg",
                "price_ids": "",
                "prices": "a: 6: {i: 1;s: 17:\"公寓7200元/㎡\";i:2;s:0:\"\";i:3;s:18:\"商铺12000元/㎡\";i:4;s:17:\"高层8600元/㎡\";i:5;s:0:\"\";i:6;s:0:\"\";}",
                "building_address": "高新区健康东街6686号",
                "priceArr": {
                    "1": "公寓7200元/㎡",
                    "2": "",
                    "3": "商铺12000元/㎡",
                    "4": "高层8600元/㎡",
                    "5": "",
                    "6": ""
                }
            }
        ]
    }
}