[
  {
    "name": "Application Start",
    "start": 1603082541267,
    "end": 1603082542335,
    "duration": 1068,
    "pid": 6496,
    "index": 0
  },
  {
    "name": "Load Plugin",
    "start": 1603082541276,
    "end": 1603082541327,
    "duration": 51,
    "pid": 6496,
    "index": 1
  },
  {
    "name": "Load Config",
    "start": 1603082541327,
    "end": 1603082541372,
    "duration": 45,
    "pid": 6496,
    "index": 2
  },
  {
    "name": "Require(0) config/config.default.js",
    "start": 1603082541329,
    "end": 1603082541329,
    "duration": 0,
    "pid": 6496,
    "index": 3
  },
  {
    "name": "Require(1) node_modules/egg-session/config/config.default.js",
    "start": 1603082541332,
    "end": 1603082541332,
    "duration": 0,
    "pid": 6496,
    "index": 4
  },
  {
    "name": "Require(2) node_modules/egg-security/config/config.default.js",
    "start": 1603082541334,
    "end": 1603082541334,
    "duration": 0,
    "pid": 6496,
    "index": 5
  },
  {
    "name": "Require(3) node_modules/egg-jsonp/config/config.default.js",
    "start": 1603082541336,
    "end": 1603082541336,
    "duration": 0,
    "pid": 6496,
    "index": 6
  },
  {
    "name": "Require(4) node_modules/egg-onerror/config/config.default.js",
    "start": 1603082541337,
    "end": 1603082541338,
    "duration": 1,
    "pid": 6496,
    "index": 7
  },
  {
    "name": "Require(5) node_modules/egg-i18n/config/config.default.js",
    "start": 1603082541339,
    "end": 1603082541340,
    "duration": 1,
    "pid": 6496,
    "index": 8
  },
  {
    "name": "Require(6) node_modules/egg-watcher/config/config.default.js",
    "start": 1603082541342,
    "end": 1603082541342,
    "duration": 0,
    "pid": 6496,
    "index": 9
  },
  {
    "name": "Require(7) node_modules/egg-schedule/config/config.default.js",
    "start": 1603082541344,
    "end": 1603082541344,
    "duration": 0,
    "pid": 6496,
    "index": 10
  },
  {
    "name": "Require(8) node_modules/egg-multipart/config/config.default.js",
    "start": 1603082541346,
    "end": 1603082541347,
    "duration": 1,
    "pid": 6496,
    "index": 11
  },
  {
    "name": "Require(9) node_modules/egg-development/config/config.default.js",
    "start": 1603082541348,
    "end": 1603082541349,
    "duration": 1,
    "pid": 6496,
    "index": 12
  },
  {
    "name": "Require(10) node_modules/egg-logrotator/config/config.default.js",
    "start": 1603082541350,
    "end": 1603082541351,
    "duration": 1,
    "pid": 6496,
    "index": 13
  },
  {
    "name": "Require(11) node_modules/egg-static/config/config.default.js",
    "start": 1603082541352,
    "end": 1603082541352,
    "duration": 0,
    "pid": 6496,
    "index": 14
  },
  {
    "name": "Require(12) node_modules/egg-view/config/config.default.js",
    "start": 1603082541353,
    "end": 1603082541354,
    "duration": 1,
    "pid": 6496,
    "index": 15
  },
  {
    "name": "Require(13) node_modules/egg-cors/config/config.default.js",
    "start": 1603082541355,
    "end": 1603082541355,
    "duration": 0,
    "pid": 6496,
    "index": 16
  },
  {
    "name": "Require(14) node_modules/egg/config/config.default.js",
    "start": 1603082541356,
    "end": 1603082541357,
    "duration": 1,
    "pid": 6496,
    "index": 17
  },
  {
    "name": "Require(15) config/config.default.js",
    "start": 1603082541358,
    "end": 1603082541358,
    "duration": 0,
    "pid": 6496,
    "index": 18
  },
  {
    "name": "Require(16) node_modules/egg-security/config/config.local.js",
    "start": 1603082541360,
    "end": 1603082541360,
    "duration": 0,
    "pid": 6496,
    "index": 19
  },
  {
    "name": "Require(17) node_modules/egg-watcher/config/config.local.js",
    "start": 1603082541364,
    "end": 1603082541364,
    "duration": 0,
    "pid": 6496,
    "index": 20
  },
  {
    "name": "Require(18) node_modules/egg-view/config/config.local.js",
    "start": 1603082541369,
    "end": 1603082541370,
    "duration": 1,
    "pid": 6496,
    "index": 21
  },
  {
    "name": "Require(19) node_modules/egg/config/config.local.js",
    "start": 1603082541371,
    "end": 1603082541372,
    "duration": 1,
    "pid": 6496,
    "index": 22
  },
  {
    "name": "Load extend/application.js",
    "start": 1603082541373,
    "end": 1603082541418,
    "duration": 45,
    "pid": 6496,
    "index": 23
  },
  {
    "name": "Require(20) node_modules/egg-session/app/extend/application.js",
    "start": 1603082541375,
    "end": 1603082541376,
    "duration": 1,
    "pid": 6496,
    "index": 24
  },
  {
    "name": "Require(21) node_modules/egg-security/app/extend/application.js",
    "start": 1603082541377,
    "end": 1603082541380,
    "duration": 3,
    "pid": 6496,
    "index": 25
  },
  {
    "name": "Require(22) node_modules/egg-jsonp/app/extend/application.js",
    "start": 1603082541381,
    "end": 1603082541385,
    "duration": 4,
    "pid": 6496,
    "index": 26
  },
  {
    "name": "Require(23) node_modules/egg-logrotator/app/extend/application.js",
    "start": 1603082541391,
    "end": 1603082541395,
    "duration": 4,
    "pid": 6496,
    "index": 27
  },
  {
    "name": "Require(24) node_modules/egg-view/app/extend/application.js",
    "start": 1603082541397,
    "end": 1603082541401,
    "duration": 4,
    "pid": 6496,
    "index": 28
  },
  {
    "name": "Load extend/request.js",
    "start": 1603082541418,
    "end": 1603082541454,
    "duration": 36,
    "pid": 6496,
    "index": 29
  },
  {
    "name": "Require(25) node_modules/egg/app/extend/request.js",
    "start": 1603082541434,
    "end": 1603082541436,
    "duration": 2,
    "pid": 6496,
    "index": 30
  },
  {
    "name": "Load extend/response.js",
    "start": 1603082541454,
    "end": 1603082541506,
    "duration": 52,
    "pid": 6496,
    "index": 31
  },
  {
    "name": "Require(26) node_modules/egg/app/extend/response.js",
    "start": 1603082541469,
    "end": 1603082541479,
    "duration": 10,
    "pid": 6496,
    "index": 32
  },
  {
    "name": "Load extend/context.js",
    "start": 1603082541506,
    "end": 1603082541644,
    "duration": 138,
    "pid": 6496,
    "index": 33
  },
  {
    "name": "Require(27) node_modules/egg-security/app/extend/context.js",
    "start": 1603082541509,
    "end": 1603082541538,
    "duration": 29,
    "pid": 6496,
    "index": 34
  },
  {
    "name": "Require(28) node_modules/egg-jsonp/app/extend/context.js",
    "start": 1603082541539,
    "end": 1603082541543,
    "duration": 4,
    "pid": 6496,
    "index": 35
  },
  {
    "name": "Require(29) node_modules/egg-i18n/app/extend/context.js",
    "start": 1603082541545,
    "end": 1603082541545,
    "duration": 0,
    "pid": 6496,
    "index": 36
  },
  {
    "name": "Require(30) node_modules/egg-multipart/app/extend/context.js",
    "start": 1603082541548,
    "end": 1603082541618,
    "duration": 70,
    "pid": 6496,
    "index": 37
  },
  {
    "name": "Require(31) node_modules/egg-view/app/extend/context.js",
    "start": 1603082541621,
    "end": 1603082541623,
    "duration": 2,
    "pid": 6496,
    "index": 38
  },
  {
    "name": "Require(32) node_modules/egg/app/extend/context.js",
    "start": 1603082541624,
    "end": 1603082541626,
    "duration": 2,
    "pid": 6496,
    "index": 39
  },
  {
    "name": "Load extend/helper.js",
    "start": 1603082541644,
    "end": 1603082541715,
    "duration": 71,
    "pid": 6496,
    "index": 40
  },
  {
    "name": "Require(33) node_modules/egg-security/app/extend/helper.js",
    "start": 1603082541646,
    "end": 1603082541693,
    "duration": 47,
    "pid": 6496,
    "index": 41
  },
  {
    "name": "Require(34) node_modules/egg/app/extend/helper.js",
    "start": 1603082541702,
    "end": 1603082541702,
    "duration": 0,
    "pid": 6496,
    "index": 42
  },
  {
    "name": "Load app.js",
    "start": 1603082541715,
    "end": 1603082541980,
    "duration": 265,
    "pid": 6496,
    "index": 43
  },
  {
    "name": "Require(35) node_modules/egg-session/app.js",
    "start": 1603082541716,
    "end": 1603082541717,
    "duration": 1,
    "pid": 6496,
    "index": 44
  },
  {
    "name": "Require(36) node_modules/egg-security/app.js",
    "start": 1603082541718,
    "end": 1603082541721,
    "duration": 3,
    "pid": 6496,
    "index": 45
  },
  {
    "name": "Require(37) node_modules/egg-onerror/app.js",
    "start": 1603082541724,
    "end": 1603082541749,
    "duration": 25,
    "pid": 6496,
    "index": 46
  },
  {
    "name": "Require(38) node_modules/egg-i18n/app.js",
    "start": 1603082541750,
    "end": 1603082541851,
    "duration": 101,
    "pid": 6496,
    "index": 47
  },
  {
    "name": "Require(39) node_modules/egg-watcher/app.js",
    "start": 1603082541855,
    "end": 1603082541928,
    "duration": 73,
    "pid": 6496,
    "index": 48
  },
  {
    "name": "Require(40) node_modules/egg-schedule/app.js",
    "start": 1603082541930,
    "end": 1603082541949,
    "duration": 19,
    "pid": 6496,
    "index": 49
  },
  {
    "name": "Require(41) node_modules/egg-multipart/app.js",
    "start": 1603082541951,
    "end": 1603082541952,
    "duration": 1,
    "pid": 6496,
    "index": 50
  },
  {
    "name": "Require(42) node_modules/egg-development/app.js",
    "start": 1603082541962,
    "end": 1603082541963,
    "duration": 1,
    "pid": 6496,
    "index": 51
  },
  {
    "name": "Require(43) node_modules/egg-logrotator/app.js",
    "start": 1603082541965,
    "end": 1603082541967,
    "duration": 2,
    "pid": 6496,
    "index": 52
  },
  {
    "name": "Require(44) node_modules/egg-static/app.js",
    "start": 1603082541969,
    "end": 1603082541969,
    "duration": 0,
    "pid": 6496,
    "index": 53
  },
  {
    "name": "Require(45) node_modules/egg-cors/app.js",
    "start": 1603082541974,
    "end": 1603082541975,
    "duration": 1,
    "pid": 6496,
    "index": 54
  },
  {
    "name": "Before Start in node_modules/egg-watcher/lib/init.js:15:14",
    "start": 1603082542011,
    "end": 1603082542334,
    "duration": 323,
    "pid": 6496,
    "index": 55
  },
  {
    "name": "Load Service",
    "start": 1603082542071,
    "end": 1603082542079,
    "duration": 8,
    "pid": 6496,
    "index": 56
  },
  {
    "name": "Load \"service\" to Context",
    "start": 1603082542071,
    "end": 1603082542079,
    "duration": 8,
    "pid": 6496,
    "index": 57
  },
  {
    "name": "Load Middleware",
    "start": 1603082542079,
    "end": 1603082542304,
    "duration": 225,
    "pid": 6496,
    "index": 58
  },
  {
    "name": "Load \"middlewares\" to Application",
    "start": 1603082542080,
    "end": 1603082542285,
    "duration": 205,
    "pid": 6496,
    "index": 59
  },
  {
    "name": "Load Controller",
    "start": 1603082542304,
    "end": 1603082542307,
    "duration": 3,
    "pid": 6496,
    "index": 60
  },
  {
    "name": "Load \"controller\" to Application",
    "start": 1603082542304,
    "end": 1603082542307,
    "duration": 3,
    "pid": 6496,
    "index": 61
  },
  {
    "name": "Load Router",
    "start": 1603082542307,
    "end": 1603082542310,
    "duration": 3,
    "pid": 6496,
    "index": 62
  },
  {
    "name": "Require(46) app/router.js",
    "start": 1603082542308,
    "end": 1603082542309,
    "duration": 1,
    "pid": 6496,
    "index": 63
  },
  {
    "name": "Before Start in node_modules/egg-core/lib/egg.js:303:10",
    "start": 1603082542309,
    "end": 1603082542322,
    "duration": 13,
    "pid": 6496,
    "index": 64
  }
]